ts	phase	decision	why	evidence	result
2026-10-01T09:07:17Z	frame	Audit from 076068442069a34d8bb9440e1e81989ddbb039ce in the existing worktree	Separate baseline findings from concurrent worker edits	076068442069a34d8bb9440e1e81989ddbb039ce	baseline identified
2026-10-01T09:07:17Z	design	Retain typed Pigeon media requests and do not hand-edit generated codecs	Current consumers already use generated types and require synchronized output	pigeons/prism_media_api.dart;ios/Runner/Pigeon/PrismMediaApi.swift;android/app/src/main/kotlin/com/hash/prism/pigeon/PrismMediaApi.kt	confirmed with orchestrator
2026-10-01T09:07:17Z	design	Require completed writes before successful media replies	Consumers record a saved result and remove edited temporary files after the reply	lib/features/ads/views/widgets/download_button.dart;lib/features/wallpaper_detail/views/pages/wallpaper_filter_screen.dart	contract traced
2026-10-01T09:07:17Z	design	Preserve readable file paths and original basenames in Downloads	Downloads uses FileImage and filename-based wallpaper attribution	lib/features/wallpaper_detail/views/pages/download_screen.dart;lib/features/wallpaper_detail/data/downloaded_wall_index.dart	contract traced
2026-10-01T09:07:17Z	verify	Reserve simulator and emulator sessions for final verification	The user requests only one final device-testing phase	/tmp/prism-native-audit/plan.md	device testing pending
2026-10-01T09:10:13Z	toolchain	Select Kotlin 2.4.20 with Gradle 9.7.0 and AGP 9.3.1	Use the latest combination inside Kotlin's published compatibility matrix	https://kotlinlang.org/docs/gradle-configure-project.html;android/settings.gradle;android/gradle/wrapper/gradle-wrapper.properties	selected; builds pending
2026-10-01T09:10:13Z	toolchain	Pin Pigeon 27.3.0 instead of 29.0.4	Latest Pigeon conflicts with the current Freezed analyzer constraint	pubspec.yaml;https://pub.dev/api/packages/pigeon	resolved; regeneration pending
2026-10-01T09:10:13Z	toolchain	Keep Firebase iOS coupled to Firebase Core and derive the Firestore binary tag	A forced native SDK bump would bypass the FlutterFire pin	ios/Podfile;https://pub.dev/api/packages/firebase_core	selected; pod build pending
2026-10-01T09:10:13Z	toolchain	Remove obsolete Firebase FunctionsContext and RevenueCat PaywallColor pod patches	Selected upstream versions contain the fixes	ios/Podfile;https://raw.githubusercontent.com/firebase/firebase-ios-sdk/12.19.0/FirebaseFunctions/Sources/Internal/FunctionsContext.swift;https://raw.githubusercontent.com/RevenueCat/purchases-ios/5.92.0/Sources/Paywalls/PaywallColor.swift	source compared by toolchain worker; build pending
2026-10-01T09:10:13Z	ios	Use async Photos and URLSession calls with a main-actor host and file actor	Remove blocking semaphores and unsafe mutable callback capture	ios/Runner/PrismMediaHostApiImpl.swift	worker decision; compile pending
2026-10-01T09:10:13Z	ios	Clear completed download files without cancelling active saves	Hidden staging stays separate and a running save can finish safely	ios/Runner/PrismMediaHostApiImpl.swift	worker decision; behavior check pending
2026-10-01T09:10:13Z	android	Stage bounded image transfers and publish detected image types before success	Avoid corrupt media rows and success before a saved image exists	android/app/src/main/kotlin/com/hash/prism/PrismMediaHostApiImpl.kt;android/app/src/main/kotlin/com/hash/prism/PrismImageTransfer.kt	worker decision; native checks pending
2026-10-01T09:42:12Z	ios	Serialize public enqueue/list/clear in host call order	Clear waits for earlier Photos save then removes its completed download; supersedes initial actor-only clear description	ios/Runner/PrismMediaHostApiImpl.swift;ios/RunnerTests/RunnerTests.swift	source reviewed; host simulator tests pending
2026-10-01T09:42:12Z	review	Decode sampled Android pixels rather than trusting image bounds	Corrupt PNG body passed header-only validation	android/app/src/main/kotlin/com/hash/prism/PrismImageValidation.kt;android/app/src/androidTest/kotlin/com/hash/prism/PrismNativeInstrumentation.kt	accepted and implemented; final device check pending
2026-10-01T09:42:12Z	review	Limit instrumentation cleanup to UUID-owned media rows	A shared emulator can receive unrelated new media during the test	android/app/src/androidTest/kotlin/com/hash/prism/PrismNativeInstrumentation.kt	accepted and implemented
2026-10-01T09:42:12Z	review	Materialize favourite JSON casts and reject unknown stored targets	Lazy casts escape the loader error boundary and unknown targets must not apply both screens	lib/core/platform/quick_tile_config_service.dart	accepted and implemented
2026-10-01T09:42:12Z	review	Remove public callable asBroadcastStream wrapper	Default broadcast cancellation retains the native delegate subscription	packages/cloud_functions/lib/src/https_callable.dart;/tmp/prism-native-audit/callable-stream-cancel-after.log	regression passed; scoped analysis clean
2026-10-01T09:42:12Z	review	Represent response integers above signed Int64 as Double	NSNumber UInt64 crosses Flutter signed integer codec as negative; preserve signed Int64 exactness	packages/cloud_functions/ios/cloud_functions/Sources/cloud_functions/CodecUtility.swift;packages/cloud_functions/native_tests/NativeSwiftCheck.swift	standalone Swift check passed
2026-10-01T09:42:12Z	toolchain	Compile Android37 while retaining target36 and minimum24	Target37 behavior migration has no final Android17 device proof	android/app/build.gradle;https://developer.android.com/about/versions/17/setup-sdk	selected; API36 final emulator pending
2026-10-01T09:42:12Z	toolchain	Retain path_provider_android2.2.23	2.3.1 JNI1.x conflicts with SentryFlutter9.30.1 JNI0.14.2	pubspec.lock	compatible resolved version
2026-10-01T09:42:12Z	toolchain	Set audioplayers_darwin only to Swift5.0	Upstream SwiftPM tools5.9 uses Swift5 while podspec omits language version; app remains Swift6	ios/Podfile	unsigned iOS build passed
2026-10-01T09:42:12Z	toolchain	Pin google_mobile_ads9.0.0 and iOSSDK13.3.0	9.1.0 private beta headers fail nonmodular framework import; keep module validation	pubspec.yaml;ios/Podfile.lock;https://github.com/googleads/googleads-mobile-flutter/pull/1445	unsigned iOS build passed
2026-10-01T09:42:12Z	verify	Record full local gate before subsequent integration edits	Exact final tree requires rerun after later cancellation and dependency changes	/tmp/prism-native-audit/make-ci-final.log	make ci exit0;1186tests
2026-10-01T09:42:12Z	verify	Record initial Android JVM checks separately from lint	Passing unit tests do not establish passing lint or complete native gate	build/app/test-results/testDebugUnitTest/TEST-com.hash.prism.PrismNativeTest.xml;build/cloud_functions/test-results/testDebugUnitTest/TEST-io.flutter.plugins.firebase.functions.FunctionsNativeTest.xml	7app+7Functions passed; lint repair pending
2026-10-01T09:42:12Z	verify	Record unsigned iOS compile independently of simulator behavior	SwiftPM excludes RunnerTests host/Photos tests	/tmp/prism-native-audit/ios-check-ads-compatible.log	make native-ios-check exit0;8storagetests+codec+Runner.app
